_id,_date_created,_email,_genre,_image,_image_url,_last_name,_name
10,"2023-02-04 17:46:14.000000",vkeedwell9@ning.com,PENDING,...,https://randomuser.me/api/portraits/men/8.jpg,Keedwell,Vandi
11,"2022-09-26 16:11:44.000000",jpanchina@ucoz.rg,ACTIVE,...,https://randomuser.me/api/portraits/men/11.jpg,Panchin,Julissaa
12,"2022-10-12 14:37:22.000000",hlambersenb@scientificamerican.com,PENDING,...,https://randomuser.me/api/portraits/men/12.jpg,Lambersen,Harriot
13,"2023-06-04 17:12:25.000000",jkarpushkinc@java.com,PENDING,...,https://randomuser.me/api/portraits/men/13.jpg,Karpushkin,Justinn
14,"2023-06-18 20:22:57.000000",eswabyd@i2i.jp,ACTIVE,...,https://randomuser.me/api/portraits/men/14.jpg,Swaby,Etti
16,"2023-03-20 17:25:05.000000",njachtymf@google.co.uk,BANNED,...,https://randomuser.me/api/portraits/men/16.jpg,Jachtym,Nonie
17,"2023-02-16 17:18:16.000000",bmaccomiskeyg@sina.com.cn,BANNED,...,https://randomuser.me/api/portraits/men/17.jpg,MacComiske,Bennir
18,"2023-01-24 14:08:03.000000",atutchingsh@mashable.com,ACTIVE,,https://randomuser.me/api/portraits/men/18.jpg,Tutchings,Averill
19,"2023-07-03 00:04:25.000000",hpokeri@shinystat.com,PENDING,,https://randomuser.me/api/portraits/men/19.jpg,Poker,Harli
20,"2023-04-02 12:57:22.000000",cwhiteoakj@digg.com,PENDING,,https://randomuser.me/api/portraits/men/20.jpg,Whiteoak,Carena
21,"2023-02-13 11:16:22.000000",gambrozikk@webeden.co.uk,PENDING,,https://randomuser.me/api/portraits/men/21.jpg,Ambrozik,Guthry
22,"2023-02-13 20:27:30.000000",cnekrewsl@ucla.edg,ACTIVE,,https://randomuser.me/api/portraits/men/22.jpg,Nekrews,Christabel
23,"2022-08-14 21:58:17.000000",hsteddallm@businessinsider.com,PENDING,,https://randomuser.me/api/portraits/men/23.jpg,Steddall,Hazel
24,"2023-04-14 15:32:22.000000",tgeydonn@youku.com,ACTIVE,,https://randomuser.me/api/portraits/men/24.jpg,Geydon,Tadio
25,"2023-04-10 21:42:44.000000",dmorseo@japanpost.jp,ACTIVE,,https://randomuser.me/api/portraits/men/25.jpg,Morse,Dasie
26,"2022-09-07 19:14:48.000000",bcoldrickp@patch.com,ACTIVE,,https://randomuser.me/api/portraits/men/26.jpg,Coldrick,Benjie
27,"2023-07-19 14:35:07.000000",tbuddq@domainmarket.com,PENDING,,https://randomuser.me/api/portraits/men/27.jpg,Budd,Tabina
28,"2022-12-23 17:38:28.000000",kmcarter@unicef.org,ACTIVE,,https://randomuser.me/api/portraits/men/28.jpg,McArte,Karine
29,"2023-01-13 21:50:02.000000",lclulees@sfgate.com,ACTIVE,,https://randomuser.me/api/portraits/men/29.jpg,Clulee,Luther
30,"2022-11-19 11:27:00.000000",lmacquistt@google.pl,PENDING,,https://randomuser.me/api/portraits/men/30.jpg,MacQuist,Lev
31,"2023-04-19 09:58:04.000000",ecolingu@cdbaby.com,PENDING,,https://randomuser.me/api/portraits/men/31.jpg,Coling,Eada
32,"2023-06-04 09:39:07.000000",kpechellv@51.la,PENDING,,https://randomuser.me/api/portraits/men/32.jpg,Pechell,Kala
33,"2022-11-10 12:50:36.000000",ldanterw@meetup.com,ACTIVE,,https://randomuser.me/api/portraits/men/33.jpg,Danter,Lesley
34,"2023-08-01 18:54:32.000000",cgirhardx@slideshare.net,PENDING,,https://randomuser.me/api/portraits/men/34.jpg,Girhard,Christoph
35,"2023-04-29 20:26:13.000000",kskewisy@goo.ne.jp,BANNED,,https://randomuser.me/api/portraits/men/35.jpg,Skewis,Karoly
36,"2022-09-03 04:07:56.000000",sluxfordz@columbia.edg,ACTIVE,,https://randomuser.me/api/portraits/men/36.jpg,Luxford,Shaylynn
37,"2022-08-17 10:47:28.000000",rkedwell10@marketwatch.com,ACTIVE,...,https://randomuser.me/api/portraits/men/37.jpg,Kedwell,Rodolfo
38,"2022-11-29 08:41:05.000000",klaroze11@woothemes.com,PENDING,,https://randomuser.me/api/portraits/men/38.jpg,Laroze,Kerri
39,"2022-09-11 22:17:14.000000",ilefloch12@booking.com,PENDING,,https://randomuser.me/api/portraits/men/39.jpg,"Le Floch",Ilyse
40,"2022-08-14 11:49:00.000000",lroan13@alexa.com,ACTIVE,,https://randomuser.me/api/portraits/men/40.jpg,Roan,Lennard
41,"2023-04-05 12:51:12.000000",mdiiorio14@icq.com,ACTIVE,,https://randomuser.me/api/portraits/men/41.jpg,"Di Iorio",Maison
42,"2023-05-08 12:47:29.000000",cnorris15@imageshack.us,BANNED,,https://randomuser.me/api/portraits/men/42.jpg,Norris,Cordi
43,"2023-04-08 20:44:41.000000",klawlance16@unc.edm,ACTIVE,,https://randomuser.me/api/portraits/men/43.jpg,Lawlance,Klement
45,"2023-06-15 06:41:33.000000",sganning18@foxnews.com,ACTIVE,,http://dummyimage.com/175x100.png/dddddd/000000,Ganning,Swen
46,"2022-11-24 14:10:45.000000",ubettridge19@mozilla.com,ACTIVE,,http://dummyimage.com/181x100.png/cc0000/ffffff,Bettridge,Ulberto
47,"2022-11-22 01:40:34.000000",gcreighton1a@stumbleupon.com,ACTIVE,,http://dummyimage.com/166x100.png/ff4444/ffffff,Creighton,Geoffry
48,"2023-03-31 04:14:20.000000",aormes1b@csmonitor.com,PENDING,,http://dummyimage.com/153x100.png/cc0000/ffffff,Ormes,Adele
49,"2022-11-13 11:22:44.000000",pvannoort1c@deviantart.com,ACTIVE,,http://dummyimage.com/115x100.png/cc0000/ffffff,Vannoort,Padraig
50,"2023-06-27 05:24:21.000000",dcaunt1d@umn.edg,ACTIVE,,http://dummyimage.com/218x100.png/dddddd/000000,Caunt,Desiri
51,"2023-07-20 08:54:53.000000",mricciardiello1e@webmd.com,PENDING,,http://dummyimage.com/202x100.png/cc0000/ffffff,Ricciardiello,Marylee
52,"2023-01-05 02:55:28.000000",btomasek1f@creativecommons.org,PENDING,,http://dummyimage.com/191x100.png/dddddd/000000,Tomasek,Brody
53,"2023-07-18 20:23:51.000000",fricharz1g@over-blog.com,PENDING,,http://dummyimage.com/196x100.png/ff4444/ffffff,Richarz,Fred
54,"2023-03-06 12:55:34.000000",gduberry1h@about.com,ACTIVE,,http://dummyimage.com/202x100.png/ff4444/ffffff,Duberry,Gustaf
55,"2023-05-10 03:52:31.000000",reborn1i@spotify.com,PENDING,,http://dummyimage.com/220x100.png/dddddd/000000,Eborn,Rose
56,"2022-08-29 21:34:29.000000",kleveret1j@smh.com.ag,ACTIVE,,http://dummyimage.com/197x100.png/5fa2dd/ffffff,Leveret,Kelcey
57,"2022-09-21 02:37:56.000000",calyonov1k@cloudflare.com,PENDING,,http://dummyimage.com/142x100.png/dddddd/000000,Alyonov,Connie
58,"2023-06-19 05:55:48.000000",nvincent1l@elpais.com,ACTIVE,,http://dummyimage.com/130x100.png/cc0000/ffffff,Vincent,Nicola
59,"2023-06-11 01:32:53.000000",eohm1m@ehow.com,PENDING,,http://dummyimage.com/156x100.png/cc0000/ffffff,Ohm,Eba
60,"2022-12-05 19:12:26.000000",aiacabucci1n@usnews.com,ACTIVE,,http://dummyimage.com/179x100.png/5fa2dd/ffffff,Iacabucci,Andre
61,"2023-01-10 11:01:39.000000",mlodin1o@sourceforge.net,ACTIVE,,http://dummyimage.com/113x100.png/ff4444/ffffff,Lodin,Molli
62,"2022-10-03 00:00:08.000000",shadny1p@shinystat.com,PENDING,,http://dummyimage.com/234x100.png/dddddd/000000,Hadny,Sidonnie
63,"2023-07-02 13:15:48.000000",tdurman1q@cloudflare.com,ACTIVE,,http://dummyimage.com/118x100.png/5fa2dd/ffffff,Durman,Thomas
64,"2022-12-11 06:29:19.000000",dtheze1r@shutterfly.com,ACTIVE,,http://dummyimage.com/158x100.png/ff4444/ffffff,Theze,Daniel
65,"2023-03-29 18:50:25.000000",gtripp1s@wordpress.org,ACTIVE,,http://dummyimage.com/192x100.png/ff4444/ffffff,Tripp,Gussie
66,"2022-12-19 19:08:12.000000",epughsley1t@yandex.rm,ACTIVE,,http://dummyimage.com/217x100.png/dddddd/000000,Pughsley,Emory
67,"2022-08-24 08:03:22.000000",bvernham1u@biblegateway.com,ACTIVE,,http://dummyimage.com/127x100.png/ff4444/ffffff,Vernham,Brucie
68,"2023-02-15 03:04:37.000000",lwesgate1v@github.com,ACTIVE,,http://dummyimage.com/164x100.png/cc0000/ffffff,Wesgate,Lek
69,"2022-12-18 18:08:39.000000",resche1w@desdev.cn,BANNED,,http://dummyimage.com/231x100.png/cc0000/ffffff,Esche,Randy
70,"2022-08-14 17:29:45.000000",fbogies1x@admin.ch,BANNED,,http://dummyimage.com/217x100.png/5fa2dd/ffffff,Bogies,Fiann
71,"2023-04-10 09:15:34.000000",cstarrs1y@admin.ch,ACTIVE,,http://dummyimage.com/247x100.png/5fa2dd/ffffff,Starrs,Codi
72,"2022-11-04 13:34:49.000000",shambrook1z@seattletimes.com,ACTIVE,,http://dummyimage.com/153x100.png/ff4444/ffffff,Hambrook,Stanleigh
73,"2023-02-05 20:33:20.000000",tshawel20@parallels.com,ACTIVE,,http://dummyimage.com/131x100.png/5fa2dd/ffffff,Shawel,Tull
74,"2023-06-07 07:15:12.000000",kcrafts21@ucsd.edg,ACTIVE,,http://dummyimage.com/111x100.png/5fa2dd/ffffff,Crafts,Karliee
75,"2023-03-16 23:20:52.000000",lgummory22@nba.com,PENDING,...,http://dummyimage.com/238x100.png/dddddd/000000,Gummory,Laraine
76,"2023-06-01 13:04:53.000000",ocoulthard23@mail.rg,ACTIVE,,http://dummyimage.com/141x100.png/dddddd/000000,Coulthard,Odelinda
77,"2023-02-14 14:24:09.000000",wgemmell24@godaddy.com,ACTIVE,,http://dummyimage.com/238x100.png/ff4444/ffffff,Gemmell,Wes
78,"2022-09-30 17:17:26.000000",cpettifor25@weather.com,ACTIVE,,http://dummyimage.com/116x100.png/dddddd/000000,Pettifor,Cesaro
79,"2022-11-28 05:13:20.000000",vcatherick26@eventbrite.com,ACTIVE,,http://dummyimage.com/170x100.png/dddddd/000000,Catherick,Valentine
80,"2023-03-31 04:05:50.000000",cmillion27@altervista.org,PENDING,,http://dummyimage.com/204x100.png/dddddd/000000,Million,Carce
81,"2023-02-23 23:22:24.000000",hshire28@thetimes.co.uk,PENDING,,http://dummyimage.com/187x100.png/ff4444/ffffff,Shire,Hussein
82,"2023-07-22 14:01:31.000000",sbarbier29@aol.com,ACTIVE,,http://dummyimage.com/105x100.png/dddddd/000000,Barbier,Sal
83,"2023-07-11 05:03:54.000000",rfehners2a@cyberchimps.com,PENDING,,http://dummyimage.com/143x100.png/dddddd/000000,Fehners,Rosemaria
84,"2022-08-13 05:05:03.000000",fllorente2b@dion.ne.jp,BANNED,,http://dummyimage.com/177x100.png/cc0000/ffffff,Llorente,Fletcher
85,"2023-07-17 07:21:52.000000",athomasen2c@time.com,PENDING,,http://dummyimage.com/128x100.png/cc0000/ffffff,Thomasen,Aeriell
86,"2022-11-07 22:06:09.000000",fgorch2d@springer.com,ACTIVE,,http://dummyimage.com/143x100.png/cc0000/ffffff,Gorch,Felicio
87,"2023-04-17 23:30:28.000000",egong2e@cam.ac.uk,PENDING,,http://dummyimage.com/115x100.png/dddddd/000000,Gong,Edvard
88,"2023-05-08 21:45:39.000000",peastgate2f@etsy.com,PENDING,,http://dummyimage.com/229x100.png/cc0000/ffffff,Eastgate,Pauline
89,"2022-11-25 00:13:56.000000",ekingsman2g@walmart.com,ACTIVE,...,http://dummyimage.com/109x100.png/dddddd/000000,Kingsman,Elsworth
90,"2022-08-17 06:29:19.000000",tguiduzzi2h@walmart.com,ACTIVE,,http://dummyimage.com/167x100.png/cc0000/ffffff,Guiduzzi,Towny
91,"2023-01-31 11:30:29.000000",kknipe2i@virginia.edg,ACTIVE,,http://dummyimage.com/180x100.png/ff4444/ffffff,Knipe,Kenna
92,"2022-12-09 20:23:48.000000",marrowsmith2j@163.com,PENDING,,http://dummyimage.com/117x100.png/ff4444/ffffff,Arrowsmith,Morna
93,"2023-06-23 15:20:05.000000",rabercrombie2k@hc360.com,ACTIVE,,http://dummyimage.com/176x100.png/ff4444/ffffff,Abercrombie,Ramsay
94,"2023-07-13 12:15:40.000000",runsworth2l@storify.com,ACTIVE,,http://dummyimage.com/181x100.png/dddddd/000000,Unsworth,Redd
95,"2023-07-31 16:56:09.000000",rpomphrey2m@abc.net.am,ACTIVE,,http://dummyimage.com/176x100.png/dddddd/000000,Pomphrey,Reinold
96,"2023-03-13 20:56:25.000000",jhassewell2n@hatena.ne.jp,BANNED,,http://dummyimage.com/212x100.png/cc0000/ffffff,Hassewell,Jeffy
97,"2022-08-12 04:28:55.000000",tmccarty2o@blogspot.com,PENDING,,http://dummyimage.com/247x100.png/ff4444/ffffff,McCarty,Terrye
98,"2023-05-31 05:07:35.000000",bmcbrier2p@altervista.org,ACTIVE,,http://dummyimage.com/217x100.png/dddddd/000000,McBrier,Bertha
102,"2023-08-04 13:43:18.383000",jhenriquesdfg0@a8.net,ACTIVE,,https://randomuser.me/api/portraits/men/1.jpg,balon,jack
103,"2023-08-04 19:38:58.460000",bayassin91@gmail.com,PENDING,,https://randomuser.me/api/portraits/men/1.jpg,sadasd,user2
104,"2023-08-04 23:12:30.613000",jhenriques0@a9.net,PENDING,,https://randomuser.me/api/portraits/men/1.jpg,jon,jack
107,"2023-08-05 22:10:17.943000",fvinau4@webmd.com,PENDING,,https://randomuser.me/api/portraits/men/105.jpg,Vinau,Fayg
108,"2023-08-07 13:53:18.991000",asdf,ACTIVE,,asdf,asd,sd
109,"2023-08-08 22:42:01.544000",image@image,BANNED,...,undefined,image,image
110,"2023-08-09 00:00:14.408000",dfg@hvjv,BANNED,NULL,https://randomuser.me/api/portraits/men/8.jpg,dfg,gfh
111,"2023-08-09 00:00:53.034000",wtre@jydf,BANNED,...,https://randomuser.me/api/portraits/men/8.jpg,ert,grtg
113,"2023-08-09 17:19:55.495000",dfgdg@kjehf,PENDING,NULL,https://randomuser.me/api/portraits/men/8.jpg,dfghfg,thfdg
114,"2023-08-09 17:31:39.061000",ertyerty@kjsyhg,PENDING,...,https://randomuser.me/api/portraits/men/8.jpg,ertyert,rtyrty
116,"2023-08-09 17:56:08.685000",fdghfdgh@jhfj,PENDING,...,https://randomuser.me/api/portraits/men/8.jpg,dfghfdg,dfghfd
117,"2023-08-09 18:03:59.916000",asz@aszasz,BANNED,...,https://randomuser.me/api/portraits/men/8.jpg,asz,asz
118,"2023-08-09 18:04:47.744000",dfsdfasf@dfsdfasf,BANNED,NULL,https://randomuser.me/api/portraits/men/8.jpg,dfsdfasf,dfsdfasf
121,"2023-08-10 00:42:26.442000",dsfsf@khsdfg,ACTIVE,...,https://randomuser.me/api/portraits/men/8.jpg,kujdsfh,hali
122,"2023-08-10 12:59:07.847000",dfghgfh@dflkggf,PENDING,...,https://randomuser.me/api/portraits/men/8.jpg,dfgh,fghj
124,"2023-08-10 14:23:01.171000",sdfgdsfg@kjdfjkafd,BANNED,...,https://randomuser.me/api/portraits/men/8.jpg,dsf,dfg
